NAME,1,2,3,4,5,6,7,8,9,10,11,12
"ABRAHAM 2.5 N, UT US",0.0,0.0,0.0,0.0,0.0,0.0,0.0,0.0,0.0,0.0,0.0,0.0
"AGUA CANYON, UT US",16.0,16.0,16.0,16.0,16.0,16.0,16.0,17.0,17.0,17.0,17.0,17.0
"ALLEN S RANCH, UT US",7.0,7.0,7.0,7.0,8.0,5.0,6.0,5.0,6.0,4.0,3.0,5.0
"ALPINE, UT US",28.0,29.0,29.0,27.0,30.0,29.0,29.0,30.0,30.0,28.0,30.0,30.0
"ALTA, UT US",30.0,31.0,30.0,29.0,29.0,30.0,28.0,30.0,28.0,29.0,30.0,30.0
"ALTAMONT, UT US",28.0,29.0,29.0,29.0,30.0,29.0,30.0,28.0,29.0,27.0,28.0,28.0
"ALTON, UT US",30.0,31.0,31.0,31.0,31.0,31.0,30.0,29.0,30.0,31.0,29.0,30.0
"AMERICAN FORK 1.1 ESE, UT US",0.0,0.0,0.0,0.0,0.0,0.0,0.0,0.0,0.0,0.0,0.0,0.0
"AMERICAN FORK 1.4 NW, UT US",0.0,0.0,0.0,0.0,0.0,0.0,,,,,0.0,0.0
"ANETH PLANT, UT US",1.0,2.0,2.0,1.0,1.0,1.0,1.0,1.0,1.0,1.0,1.0,1.0
"ANGLE, UT US",25.0,25.0,26.0,26.0,24.0,26.0,27.0,28.0,28.0,28.0,29.0,23.0
"AQUA CANYON BRYCE CANYON NP., UT US",28.0,29.0,29.0,27.0,27.0,28.0,27.0,28.0,27.0,27.0,29.0,27.0
"ARAGONITE UTAH, UT US",25.0,25.0,25.0,23.0,23.0,23.0,24.0,25.0,24.0,25.0,25.0,25.0
"ARCHES NATIONAL PARK HQS, UT US",30.0,30.0,28.0,28.0,28.0,29.0,30.0,30.0,30.0,29.0,30.0,28.0
"ASSAY HATCH 10 SW, UT US",28.0,29.0,28.0,27.0,27.0,27.0,29.0,28.0,27.0,30.0,28.0,27.0
"BADGER SPRING IVINS 14 W UTAH, UT US",31.0,30.0,30.0,30.0,30.0,29.0,30.0,30.0,30.0,30.0,29.0,30.0
"BARNEY RESERVOIR ESCALANTE 1, UT US",6.0,6.0,4.0,5.0,5.0,5.0,4.0,5.0,4.0,4.0,5.0,5.0
"BARTHOLOMEW POWERHOU, UT US",0.0,0.0,0.0,0.0,0.0,0.0,0.0,0.0,0.0,0.0,0.0,0.0
"BEAR LAKE STATE PARK, UT US",14.0,17.0,16.0,15.0,11.0,12.0,10.0,12.0,11.0,9.0,10.0,13.0
"BEAR RIVER BAY, UT US",5.0,2.0,3.0,3.0,3.0,3.0,1.0,1.0,2.0,3.0,2.0,3.0
"BEAR RIVER CITY 2.3 WNW, UT US",0.0,0.0,0.0,0.0,0.0,0.0,0.0,0.0,0.0,0.0,0.0,0.0
"BEAR RIVER RANGER STATION, UT US",9.0,9.0,10.0,10.0,10.0,10.0,10.0,9.0,9.0,10.0,10.0,10.0
"BEAR RIVER UTAH, UT US",23.0,22.0,21.0,20.0,20.0,21.0,22.0,23.0,23.0,23.0,23.0,23.0
"BEAVER 0.5 WNW, UT US",0.0,0.0,0.0,0.0,0.0,0.0,0.0,0.0,0.0,0.0,0.0,0.0
"BEAVER 0.8 E, UT US",0.0,0.0,0.0,0.0,0.0,0.0,0.0,0.0,0.0,0.0,0.0,0.0
"BEAVER 15 E, UT US",3.0,3.0,3.0,3.0,3.0,2.0,2.0,2.0,2.0,3.0,3.0,3.0
"BEAVER CANYON POWER HOUSE, UT US",23.0,23.0,23.0,23.0,24.0,24.0,23.0,22.0,21.0,18.0,18.0,20.0
"BEAVER DAMS, UT US",18.0,18.0,17.0,17.0,17.0,18.0,18.0,18.0,19.0,19.0,18.0,19.0
"BEAVER DIVIDE, UT US",30.0,29.0,31.0,31.0,31.0,31.0,30.0,29.0,31.0,31.0,30.0,30.0
"BEN LOMOND PEAK, UT US",30.0,30.0,30.0,31.0,30.0,31.0,30.0,30.0,30.0,30.0,31.0,30.0
"BEN LOMOND TRAIL, UT US",17.0,17.0,18.0,17.0,18.0,19.0,19.0,19.0,17.0,18.0,17.0,17.0
"BENSON 1.0 SSW, UT US",,,,,0.0,0.0,0.0,0.0,0.0,0.0,0.0,0.0
"BEVANS CABIN, UT US",9.0,9.0,10.0,10.0,10.0,10.0,10.0,10.0,10.0,10.0,10.0,10.0
"BIG FLAT, UT US",30.0,30.0,31.0,29.0,31.0,31.0,31.0,29.0,30.0,30.0,29.0,29.0
"BIG INDIAN VALLEY LASAL 6 S U, UT US",31.0,31.0,30.0,30.0,30.0,30.0,30.0,29.0,29.0,29.0,30.0,30.0
"BIG WATER, UT US",26.0,25.0,26.0,26.0,25.0,28.0,27.0,29.0,30.0,29.0,29.0,22.0
"BIRDSEYE, UT US",1.0,1.0,1.0,,,,,,,,,
"BLACK CEDAR FILMORE 5 E UTAH, UT US",31.0,30.0,28.0,30.0,30.0,30.0,30.0,30.0,30.0,30.0,30.0,29.0
"BLACK FLAT U.M. CK, UT US",16.0,16.0,16.0,16.0,16.0,16.0,17.0,17.0,17.0,17.0,17.0,17.0
"BLACK ROCK, UT US",31.0,31.0,31.0,31.0,31.0,31.0,31.0,31.0,31.0,31.0,31.0,31.0
"BLACKS FORK COMMISSARY, UT US",1.0,1.0,1.0,0.0,0.0,,,,0.0,0.0,0.0,1.0
"BLACKS FORK JCT, UT US",12.0,11.0,11.0,12.0,12.0,12.0,12.0,12.0,12.0,12.0,13.0,13.0
"BLACKTAIL UTAH, UT US",17.0,17.0,17.0,18.0,18.0,19.0,19.0,18.0,18.0,17.0,20.0,20.0
"BLANDING 0.3 WSW, UT US",,,,0.0,0.0,0.0,0.0,0.0,0.0,0.0,0.0,0.0
"BLANDING 26 SSW, UT US",4.0,4.0,4.0,4.0,4.0,3.0,3.0,3.0,4.0,4.0,4.0,4.0
"BLANDING 3.9 ENE, UT US",0.0,0.0,0.0,0.0,0.0,0.0,0.0,0.0,0.0,0.0,0.0,0.0
"BLANDING, UT US",31.0,31.0,31.0,30.0,30.0,31.0,31.0,30.0,29.0,31.0,30.0,31.0
"BLOWHARD MOUNTAIN RADAR, UT US",15.0,14.0,12.0,13.0,12.0,13.0,12.0,12.0,14.0,13.0,14.0,12.0
"BLUFF 32 NW, UT US",4.0,4.0,4.0,4.0,4.0,3.0,3.0,3.0,4.0,4.0,4.0,4.0
"BLUFF, UT US",30.0,30.0,31.0,30.0,30.0,30.0,31.0,31.0,31.0,30.0,31.0,31.0
"BONANZA, UT US",1.0,1.0,1.0,1.0,1.0,1.0,0.0,1.0,1.0,1.0,1.0,0.0
"BOTHWELL 0.9 ENE, UT US",0.0,0.0,0.0,0.0,0.0,0.0,0.0,0.0,0.0,0.0,0.0,0.0
"BOTHWELL 2.6 WSW, UT US",0.0,0.0,0.0,0.0,0.0,0.0,0.0,0.0,0.0,0.0,0.0,0.0
"BOULDER 1.3 NNW, UT US",0.0,0.0,0.0,0.0,0.0,0.0,0.0,0.0,0.0,0.0,0.0,0.0
"BOULDER, UT US",31.0,31.0,31.0,31.0,29.0,30.0,31.0,31.0,30.0,31.0,30.0,31.0
"BOUNTIFUL 0.6 SW, UT US",0.0,0.0,,0.0,,,,0.0,0.0,0.0,0.0,0.0
"BOUNTIFUL 0.8 SE, UT US",0.0,0.0,0.0,0.0,0.0,0.0,0.0,0.0,0.0,0.0,0.0,0.0
"BOUNTIFUL 1.3 S, UT US",0.0,0.0,0.0,0.0,0.0,0.0,0.0,0.0,0.0,0.0,0.0,0.0
"BOUNTIFUL 1.7 NE, UT US",0.0,0.0,0.0,,0.0,0.0,0.0,0.0,0.0,0.0,0.0,0.0
"BOUNTIFUL 2.0 SW, UT US",0.0,0.0,0.0,0.0,0.0,0.0,0.0,0.0,0.0,0.0,0.0,0.0
"BOUNTIFUL BENCH, UT US",31.0,31.0,31.0,31.0,31.0,31.0,31.0,31.0,31.0,31.0,31.0,31.0
"BOUNTIFUL VAL VERDA, UT US",23.0,23.0,23.0,22.0,23.0,23.0,21.0,22.0,22.0,22.0,22.0,22.0
"BOX CREEK, UT US",16.0,16.0,16.0,16.0,16.0,15.0,15.0,17.0,17.0,17.0,17.0,17.0
"BRIAN HEAD, UT US",26.0,25.0,25.0,25.0,25.0,24.0,26.0,27.0,27.0,25.0,25.0,27.0
"BRIGHAM CITY 0.6 W, UT US",0.0,0.0,0.0,0.0,0.0,0.0,0.0,0.0,0.0,0.0,0.0,0.0
"BRIGHAM CITY 1.2 N, UT US",0.0,0.0,0.0,0.0,0.0,0.0,0.0,0.0,0.0,0.0,0.0,0.0
"BRIGHAM CITY 28 WNW, UT US",15.0,15.0,15.0,15.0,15.0,15.0,15.0,15.0,15.0,15.0,16.0,16.0
"BRIGHAM CITY WASTE PLANT, UT US",30.0,31.0,31.0,31.0,30.0,30.0,30.0,30.0,31.0,31.0,31.0,29.0
"BRIGHTON, UT US",16.0,16.0,16.0,16.0,16.0,16.0,16.0,16.0,17.0,17.0,17.0,17.0
"BRIMSTONE RES. MILFORD 20 WSW, UT US",31.0,31.0,30.0,30.0,30.0,30.0,30.0,30.0,30.0,30.0,30.0,30.0
"BROWN DUCK, UT US",30.0,30.0,31.0,30.0,31.0,30.0,31.0,31.0,29.0,29.0,31.0,30.0
"BRUIN POINT SUNNYSIDE 6 NNE U, UT US",30.0,31.0,28.0,28.0,28.0,27.0,29.0,30.0,30.0,30.0,30.0,30.0
"BRYCE CANYON AIRPORT, UT US",22.0,21.0,22.0,22.0,22.0,22.0,22.0,22.0,22.0,22.0,23.0,23.0
"BRYCE CANYON NATIONAL PARK HQRS, UT US",28.0,27.0,28.0,30.0,27.0,28.0,30.0,29.0,29.0,30.0,28.0,26.0
"BRYCE CANYON UTAH, UT US",19.0,18.0,19.0,19.0,19.0,19.0,19.0,19.0,19.0,19.0,19.0,19.0
"BRYSON CANYON UTAH, UT US",31.0,30.0,31.0,30.0,29.0,29.0,30.0,29.0,29.0,30.0,30.0,29.0
"BUCK FLAT ESCALANTE 10 NW UTA, UT US",28.0,28.0,28.0,29.0,29.0,30.0,30.0,30.0,30.0,30.0,29.0,27.0
"BUCK FLAT, UT US",30.0,31.0,31.0,31.0,31.0,31.0,30.0,30.0,30.0,30.0,31.0,30.0
"BUCK PASTURE, UT US",11.0,11.0,11.0,11.0,11.0,11.0,11.0,11.0,11.0,11.0,11.0,12.0
"BUCKBOARD FLAT, UT US",9.0,9.0,10.0,10.0,10.0,10.0,10.0,10.0,10.0,10.0,10.0,10.0
"BUES CANYON UTAH, UT US",27.0,29.0,26.0,24.0,25.0,27.0,27.0,29.0,29.0,28.0,28.0,28.0
"BUG LAKE, UT US",31.0,31.0,31.0,29.0,31.0,30.0,30.0,30.0,31.0,29.0,29.0,31.0
"BULLFROG 8 N, UT US",2.0,2.0,1.0,1.0,1.0,1.0,1.0,1.0,0.0,1.0,2.0,2.0
"BULLFROG BASIN, UT US",24.0,22.0,24.0,25.0,25.0,25.0,24.0,24.0,26.0,25.0,25.0,24.0
"BURTS MILLER RANCH, UT US",9.0,9.0,10.0,10.0,10.0,10.0,10.0,10.0,10.0,10.0,10.0,10.0
"CALLAO, UT US",30.0,31.0,31.0,31.0,31.0,30.0,31.0,31.0,31.0,30.0,29.0,31.0
"CAMP JACKSON, UT US",19.0,20.0,20.0,20.0,20.0,20.0,20.0,20.0,20.0,20.0,21.0,21.0
"CANYON BREEZE RANCH, UT US",2.0,2.0,2.0,2.0,2.0,3.0,3.0,3.0,3.0,4.0,2.0,2.0
"CANYONLANDS THE NECK, UT US",26.0,29.0,31.0,31.0,30.0,30.0,29.0,31.0,31.0,31.0,28.0,27.0
"CANYONLANDS THE NEEDLES, UT US",30.0,31.0,29.0,30.0,29.0,31.0,31.0,30.0,30.0,28.0,30.0,28.0
"CAPITOL REEF NATIONAL PARK, UT US",31.0,31.0,30.0,31.0,31.0,31.0,31.0,31.0,31.0,31.0,31.0,31.0
"CART CREEK UTAH, UT US",24.0,24.0,24.0,23.0,25.0,29.0,30.0,30.0,29.0,25.0,24.0,23.0
"CASCADE MOUNTAIN, UT US",20.0,19.0,20.0,20.0,20.0,20.0,20.0,19.0,19.0,20.0,21.0,21.0
"CASTLE DALE 0.8 NW, UT US",,,,0.0,0.0,0.0,0.0,0.0,0.0,0.0,0.0,0.0
"CASTLE DALE, UT US",31.0,31.0,31.0,31.0,31.0,30.0,30.0,31.0,31.0,31.0,31.0,30.0
"CASTLE VALLEY 0.6 W, UT US",0.0,0.0,0.0,0.0,0.0,0.0,0.0,0.0,0.0,0.0,0.0,0.0
"CASTLE VALLEY 0.7 WNW, UT US",0.0,0.0,0.0,0.0,0.0,0.0,0.0,0.0,0.0,0.0,0.0,0.0
"CASTLE VALLEY 1 NE, UT US",5.0,5.0,4.0,4.0,5.0,3.0,2.0,3.0,4.0,2.0,4.0,5.0
"CASTLE VALLEY 1 SE, UT US",7.0,7.0,7.0,8.0,8.0,8.0,8.0,8.0,8.0,8.0,8.0,8.0
"CASTLE VALLEY, UT US",36.0,35.0,35.0,32.0,32.0,34.0,35.0,34.0,31.0,35.0,35.0,32.0
"CASTLEDALE HTR UP AND L, UT US",0.0,0.0,0.0,0.0,0.0,0.0,0.0,0.0,0.0,0.0,0.0,0.0
"CEDAR BREAKS N.M., UT US",4.0,3.0,5.0,3.0,5.0,5.0,5.0,4.0,3.0,4.0,5.0,5.0
"CEDAR CITY 1.8 S, UT US",0.0,0.0,0.0,0.0,0.0,0.0,0.0,0.0,0.0,0.0,0.0,0.0
"CEDAR CITY 18 SSE, UT US",4.0,4.0,4.0,4.0,4.0,3.0,3.0,3.0,4.0,4.0,4.0,4.0
"CEDAR CITY 4.4 SW, UT US",0.0,0.0,0.0,0.0,0.0,0.0,0.0,0.0,0.0,0.0,0.0,0.0
"CEDAR CITY 5 E, UT US",22.0,24.0,20.0,21.0,22.0,20.0,18.0,19.0,19.0,23.0,22.0,20.0
"CEDAR CITY 5.6 NW, UT US",0.0,0.0,0.0,0.0,0.0,0.0,0.0,0.0,0.0,0.0,0.0,0.0
"CEDAR CITY 6.2 NNW, UT US",0.0,0.0,0.0,0.0,0.0,0.0,0.0,0.0,0.0,0.0,0.0,0.0
"CEDAR CITY AIRPORT, UT US",31.0,31.0,31.0,31.0,31.0,31.0,31.0,31.0,31.0,31.0,31.0,31.0
"CEDAR CITY, UT US",22.0,21.0,23.0,20.0,21.0,23.0,19.0,19.0,20.0,23.0,23.0,23.0
"CEDAR MOUNTAINS STOCKTON 24 W, UT US",28.0,28.0,28.0,28.0,28.0,25.0,26.0,26.0,26.0,27.0,27.0,27.0
"CEDAR POINT, UT US",26.0,27.0,25.0,26.0,26.0,24.0,23.0,25.0,24.0,25.0,25.0,21.0
"CEDAR VALLEY 1.9 S, UT US",0.0,0.0,0.0,0.0,0.0,0.0,0.0,0.0,0.0,0.0,0.0,0.0
"CENTERVILLE 0.8 NE, UT US",0.0,0.0,0.0,0.0,0.0,0.0,0.0,0.0,0.0,0.0,0.0,0.0
"CENTERVILLE 1.3 N, UT US",0.0,0.0,0.0,0.0,0.0,0.0,0.0,0.0,0.0,0.0,0.0,0.0
"CHALK CREEK NUMBER 1, UT US",22.0,23.0,22.0,23.0,23.0,23.0,23.0,23.0,23.0,24.0,24.0,24.0
"CHALK CREEK NUMBER 2, UT US",14.0,15.0,15.0,15.0,15.0,15.0,16.0,16.0,16.0,16.0,16.0,16.0
"CHEPETA UTAH, UT US",22.0,22.0,22.0,20.0,20.0,18.0,18.0,21.0,20.0,21.0,22.0,22.0
"CHEPETA, UT US",18.0,18.0,18.0,18.0,18.0,18.0,18.0,19.0,19.0,19.0,19.0,19.0
"CIRCLEVILLE 0.7 W, UT US",0.0,0.0,0.0,0.0,0.0,0.0,0.0,0.0,0.0,0.0,0.0,0.0
"CIRCLEVILLE, UT US",16.0,15.0,17.0,18.0,18.0,18.0,18.0,18.0,18.0,17.0,16.0,15.0
"CITY CREEK WATER PLANT, UT US",21.0,21.0,22.0,21.0,21.0,21.0,21.0,21.0,22.0,22.0,22.0,22.0
"CLARKSTON 0.5 SW, UT US",0.0,0.0,0.0,0.0,0.0,0.0,0.0,0.0,0.0,0.0,0.0,0.0
"CLAYTON SPRINGS, UT US",16.0,16.0,16.0,16.0,15.0,16.0,16.0,17.0,17.0,16.0,17.0,17.0
"CLEAR CREEK NUMBER 1, UT US",20.0,20.0,20.0,20.0,20.0,20.0,20.0,20.0,21.0,21.0,21.0,21.0
"CLEAR CREEK NUMBER 2, UT US",19.0,20.0,20.0,20.0,21.0,21.0,21.0,21.0,21.0,21.0,21.0,21.0
"CLEARFIELD 1.7 WSW, UT US",0.0,0.0,0.0,0.0,,0.0,0.0,0.0,0.0,0.0,0.0,0.0
"CLINTON 0.9 WNW, UT US",0.0,0.0,0.0,0.0,0.0,0.0,0.0,0.0,0.0,0.0,0.0,0.0
"COALVILLE 0.3 WSW, UT US",0.0,,,,,,,,,0.0,0.0,
"COALVILLE 13 E, UT US",18.0,17.0,17.0,19.0,13.0,8.0,13.0,13.0,16.0,15.0,7.0,9.0
"COALVILLE, UT US",20.0,20.0,20.0,20.0,20.0,19.0,19.0,19.0,19.0,19.0,20.0,20.0
"CORINNE, UT US",8.0,8.0,8.0,10.0,7.0,7.0,7.0,8.0,6.0,5.0,6.0,6.0
"CORRAL, UT US",3.0,3.0,3.0,3.0,3.0,3.0,4.0,4.0,4.0,4.0,4.0,3.0
"COTTONWOOD HEIGHTS 1.3 WSW, UT US",0.0,,,,0.0,,,,,,,
"COTTONWOOD HEIGHTS 1.5 SE, UT US",0.0,0.0,0.0,0.0,0.0,0.0,0.0,0.0,0.0,0.0,0.0,0.0
"COTTONWOOD HEIGHTS 1.6 SE, UT US",0.0,0.0,0.0,0.0,0.0,0.0,0.0,0.0,0.0,0.0,0.0,0.0
"COTTONWOOD WASH UTAH, UT US",6.0,6.0,6.0,6.0,6.0,6.0,6.0,5.0,5.0,5.0,5.0,5.0
"COTTONWOOD WEIR, UT US",30.0,31.0,31.0,30.0,31.0,31.0,30.0,31.0,31.0,31.0,30.0,31.0
"CRATER KNOLL BEAVER 14 NNW UT, UT US",6.0,6.0,5.0,6.0,6.0,5.0,5.0,5.0,5.0,5.0,5.0,5.0
"CURRANT CREEK JCT, UT US",0.0,0.0,4.0,4.0,4.0,3.0,4.0,2.0,1.0,0.0,1.0,0.0
"CURRANT CREEK, UT US",20.0,20.0,20.0,20.0,20.0,20.0,20.0,20.0,21.0,21.0,21.0,21.0
"CUTLER DAM, UT US",31.0,31.0,30.0,28.0,30.0,29.0,30.0,30.0,30.0,30.0,31.0,30.0
"DANIELS STRAWBERRY, UT US",18.0,18.0,18.0,18.0,18.0,18.0,18.0,19.0,19.0,19.0,19.0,19.0
"DEER CREEK DAM, UT US",31.0,30.0,31.0,30.0,31.0,30.0,29.0,29.0,29.0,30.0,29.0,30.0
"DELTA 0.5 NNE, UT US",0.0,0.0,0.0,0.0,0.0,0.0,0.0,0.0,0.0,0.0,0.0,0.0
"DELTA 2.2 SW, UT US",0.0,0.0,0.0,0.0,0.0,0.0,0.0,0.0,0.0,0.0,0.0,0.0
"DELTA 4 NE, UT US",4.0,4.0,4.0,4.0,4.0,3.0,3.0,4.0,4.0,4.0,4.0,4.0
"DELTA, UT US",29.0,28.0,27.0,29.0,28.0,25.0,28.0,28.0,29.0,28.0,27.0,29.0
"DESERET, UT US",31.0,30.0,31.0,31.0,31.0,31.0,31.0,30.0,31.0,31.0,29.0,31.0
"DEWEY, UT US",12.0,13.0,13.0,13.0,13.0,12.0,12.0,10.0,12.0,11.0,12.0,12.0
"DIAMOND RIM, UT US",31.0,31.0,30.0,30.0,30.0,30.0,29.0,30.0,30.0,30.0,30.0,30.0
"DILL S CAMP, UT US",19.0,19.0,18.0,18.0,18.0,19.0,19.0,20.0,20.0,20.0,20.0,20.0
"DINOSAUR NM QUARRY AREA, UT US",27.0,27.0,26.0,28.0,24.0,26.0,27.0,30.0,29.0,27.0,24.0,27.0
"DONKEY RESERVOIR, UT US",19.0,19.0,19.0,19.0,19.0,19.0,19.0,20.0,20.0,20.0,20.0,20.0
"DRAPER 1.9 WNW, UT US",0.0,0.0,0.0,0.0,0.0,0.0,0.0,0.0,0.0,0.0,0.0,0.0
"DRAPER POINT OF MOUNTAIN, UT US",13.0,14.0,15.0,14.0,10.0,12.0,12.0,14.0,16.0,15.0,11.0,12.0
"DRY BREAD POND, UT US",30.0,30.0,29.0,30.0,30.0,30.0,31.0,31.0,31.0,29.0,30.0,29.0
"DRY FORK, UT US",18.0,18.0,18.0,18.0,18.0,18.0,18.0,18.0,18.0,19.0,19.0,19.0
"DUCHESNE, UT US",31.0,31.0,31.0,31.0,31.0,31.0,31.0,31.0,31.0,31.0,31.0,31.0
"DUGWAY, UT US",22.0,22.0,22.0,21.0,22.0,22.0,21.0,21.0,20.0,20.0,21.0,20.0
"DUTCH JOHN 0.1 SE, UT US",0.0,0.0,0.0,0.0,0.0,0.0,0.0,0.0,0.0,0.0,0.0,0.0
"EAST MILLCREEK 0.7 NNW, UT US",0.0,0.0,0.0,0.0,0.0,0.0,0.0,0.0,0.0,0.0,0.0,0.0
"EAST WILLOW CREEK, UT US",18.0,19.0,19.0,19.0,19.0,20.0,20.0,20.0,20.0,20.0,20.0,20.0
"ECHO DAM, UT US",31.0,31.0,31.0,31.0,31.0,31.0,31.0,31.0,31.0,31.0,31.0,30.0
"EDEN 0.3 ENE, UT US",0.0,0.0,0.0,0.0,0.0,0.0,0.0,0.0,0.0,,0.0,0.0
"EDEN 0.3 W, UT US",0.0,0.0,,0.0,0.0,0.0,0.0,0.0,0.0,0.0,0.0,0.0
"EDEN, UT US",9.0,9.0,9.0,8.0,10.0,9.0,8.0,9.0,9.0,8.0,9.0,9.0
"EF BLACKS FORK GS, UT US",12.0,12.0,12.0,12.0,12.0,12.0,12.0,12.0,12.0,12.0,13.0,13.0
"ELBERTA, UT US",,,,,,1.0,1.0,1.0,,,,
"ELECTRIC LAKE, UT US",15.0,16.0,16.0,15.0,15.0,18.0,17.0,17.0,15.0,13.0,15.0,15.0
"ENSIGN BOUNTIFUL 5 NE, UT US",6.0,6.0,5.0,6.0,5.0,5.0,4.0,4.0,5.0,5.0,4.0,3.0
"ENTERPRISE BERYL JCT, UT US",15.0,14.0,14.0,12.0,15.0,15.0,15.0,12.0,15.0,14.0,10.0,13.0
"ENTERPRISE UTAH, UT US",19.0,20.0,20.0,19.0,19.0,20.0,21.0,21.0,21.0,21.0,21.0,20.0
"ENTERPRISE, UT US",16.0,16.0,16.0,16.0,16.0,16.0,16.0,16.0,15.0,17.0,16.0,17.0
"EPHRAIM 0.1 W, UT US",,,,,,,,,0.0,0.0,0.0,
"EPHRAIM, UT US",29.0,30.0,30.0,30.0,29.0,30.0,31.0,28.0,31.0,31.0,31.0,30.0
"ESCALANTE, UT US",31.0,30.0,31.0,31.0,31.0,31.0,30.0,31.0,31.0,31.0,31.0,31.0
"ESKDALE, UT US",29.0,30.0,29.0,31.0,31.0,31.0,29.0,30.0,30.0,30.0,30.0,30.0
"FAIRFIELD, UT US",24.0,23.0,23.0,22.0,23.0,23.0,22.0,23.0,24.0,25.0,24.0,23.0
"FAIRVIEW 8 N, UT US",9.0,8.0,8.0,7.0,6.0,8.0,8.0,8.0,8.0,8.0,8.0,9.0
"FAIRVIEW, UT US",0.0,0.0,0.0,0.0,0.0,0.0,0.0,0.0,0.0,0.0,0.0,0.0
"FARMINGTON 1.5 NNW, UT US",0.0,0.0,0.0,0.0,0.0,0.0,0.0,0.0,0.0,0.0,0.0,0.0
"FARMINGTON 1.8 W, UT US",0.0,0.0,0.0,0.0,0.0,0.0,0.0,0.0,0.0,0.0,0.0,0.0
"FARMINGTON 3 NW, UT US",21.0,23.0,21.0,21.0,22.0,19.0,21.0,20.0,20.0,20.0,18.0,19.0
"FARMINGTON LOWER, UT US",18.0,18.0,18.0,18.0,18.0,19.0,19.0,19.0,18.0,19.0,18.0,19.0
"FARMINGTON, UT US",16.0,17.0,17.0,16.0,16.0,16.0,17.0,17.0,17.0,18.0,18.0,18.0
"FARNSWORTH LAKE, UT US",18.0,18.0,18.0,18.0,18.0,18.0,18.0,18.0,19.0,19.0,19.0,19.0
"FERRON, UT US",29.0,31.0,30.0,30.0,30.0,30.0,30.0,29.0,30.0,31.0,31.0,30.0
"FILLMORE, UT US",24.0,22.0,22.0,20.0,23.0,19.0,18.0,21.0,20.0,21.0,24.0,22.0
"FISH LAKE UTAH, UT US",9.0,9.0,10.0,10.0,10.0,10.0,10.0,10.0,10.0,10.0,10.0,10.0
"FISH SPRINGS NWR, UT US",16.0,22.0,21.0,20.0,19.0,21.0,22.0,23.0,18.0,20.0,22.0,20.0
"FIVE MILE DUCHESNE 18 SSE UTA, UT US",31.0,31.0,31.0,30.0,30.0,29.0,29.0,29.0,29.0,30.0,29.0,30.0
"FIVE POINTS LAKE, UT US",21.0,21.0,21.0,21.0,21.0,21.0,21.0,21.0,21.0,21.0,22.0,22.0
"FLAMING GORGE, UT US",29.0,30.0,30.0,29.0,29.0,30.0,29.0,30.0,30.0,30.0,28.0,28.0
"FLATTOP MOUNTAIN CLEVELAND 1, UT US",31.0,31.0,30.0,30.0,30.0,30.0,30.0,30.0,30.0,30.0,30.0,30.0
"FORT DUCHESNE, UT US",24.0,25.0,22.0,24.0,24.0,25.0,23.0,25.0,22.0,21.0,25.0,24.0
"FREMONT INDIAN S.P., UT US",26.0,28.0,29.0,29.0,29.0,26.0,29.0,29.0,29.0,26.0,26.0,28.0
"FRUIT HEIGHTS 1.3 N, UT US",0.0,0.0,0.0,0.0,0.0,0.0,0.0,0.0,0.0,0.0,0.0,0.0
"GARDEN CITY SUMMIT, UT US",13.0,13.0,13.0,13.0,13.0,13.0,13.0,14.0,14.0,14.0,14.0,14.0
"GARDNER PEAK, UT US",18.0,18.0,18.0,18.0,18.0,18.0,18.0,18.0,19.0,19.0,19.0,19.0
"GARFIELD, UT US",20.0,22.0,20.0,21.0,22.0,22.0,22.0,22.0,21.0,21.0,21.0,21.0
"GARLAND 1.0 SE, UT US",0.0,0.0,0.0,0.0,0.0,0.0,0.0,0.0,0.0,0.0,0.0,0.0
"GBRC HQ, UT US",10.0,10.0,9.0,9.0,9.0,10.0,10.0,11.0,11.0,11.0,11.0,11.0
"GBRC MEADOWS, UT US",9.0,9.0,10.0,10.0,10.0,10.0,10.0,10.0,10.0,10.0,10.0,10.0
"GEORGE CREEK, UT US",12.0,12.0,11.0,11.0,11.0,11.0,12.0,12.0,13.0,13.0,13.0,13.0
"GOBLIN VALLEY STATE PARK, UT US",13.0,14.0,12.0,13.0,14.0,11.0,12.0,11.0,13.0,16.0,12.0,14.0
"GOOSEBERRY RANGER STATION UP, UT US",11.0,11.0,11.0,11.0,11.0,11.0,11.0,12.0,12.0,12.0,12.0,12.0
"GOOSEBERRY RANGER STATION, UT US",20.0,19.0,20.0,19.0,19.0,20.0,20.0,20.0,20.0,20.0,21.0,21.0
"GRANITE PEAK DUGWAY PROVING GROUND, UT US",12.0,11.0,12.0,9.0,11.0,9.0,9.0,12.0,12.0,13.0,11.0,11.0
"GRANTSVILLE 1.1 NW, UT US",,,,,,0.0,0.0,0.0,0.0,0.0,0.0,
"GRANTSVILLE 12 WNW, UT US",3.0,3.0,3.0,3.0,3.0,2.0,2.0,2.0,2.0,3.0,3.0,3.0
"GRANTSVILLE 2 W, UT US",23.0,22.0,22.0,22.0,22.0,22.0,22.0,22.0,23.0,23.0,24.0,24.0
"GRANTSVILLE 2.0 SSE, UT US",,,,,0.0,0.0,0.0,0.0,0.0,,,
"GREEN RIVER 2.8 WNW, UT US",,0.0,0.0,0.0,0.0,0.0,0.0,0.0,0.0,0.0,0.0,
"GREEN RIVER AVIATION, UT US",14.0,14.0,14.0,12.0,6.0,7.0,7.0,4.0,13.0,12.0,13.0,8.0
"GREENVILLE BENCH SAND HOLLOW, UT US",8.0,8.0,8.0,8.0,8.0,8.0,8.0,6.0,7.0,7.0,7.0,8.0
"GROUSE CREEK, UT US",16.0,17.0,18.0,19.0,19.0,17.0,17.0,19.0,19.0,17.0,16.0,17.0
"GUNLOCK PH, UT US",0.0,0.0,0.0,0.0,0.0,0.0,0.0,0.0,0.0,0.0,0.0,0.0
"GUTZ PEAK, UT US",18.0,18.0,18.0,18.0,18.0,18.0,18.0,18.0,19.0,19.0,19.0,19.0
"HANKSVILLE, UT US",29.0,28.0,29.0,28.0,28.0,28.0,28.0,28.0,28.0,29.0,28.0,28.0
"HANNA, UT US",1.0,1.0,0.0,0.0,0.0,0.0,1.0,1.0,0.0,0.0,1.0,1.0
"HANS FLAT RANGER STATION, UT US",31.0,31.0,30.0,31.0,31.0,31.0,31.0,31.0,31.0,31.0,31.0,31.0
"HARDSCRABBLE, UT US",18.0,18.0,18.0,18.0,18.0,18.0,18.0,19.0,19.0,19.0,19.0,19.0
"HARRIS FLAT, UT US",9.0,9.0,9.0,9.0,10.0,10.0,10.0,10.0,10.0,10.0,10.0,10.0
"HATCH, UT US",5.0,6.0,5.0,6.0,6.0,5.0,6.0,5.0,6.0,5.0,7.0,6.0
"HAYDEN FORK, UT US",9.0,9.0,10.0,9.0,9.0,10.0,10.0,10.0,10.0,10.0,10.0,10.0
"HEBER CITY 0.4 SE, UT US",,,,,,,,,0.0,0.0,0.0,
"HEBER CITY 0.7 E, UT US",0.0,0.0,,0.0,0.0,,,,,,0.0,0.0
"HEBER CITY 10.1 ESE, UT US",0.0,0.0,0.0,0.0,0.0,0.0,0.0,0.0,0.0,0.0,0.0,0.0
"HEBER CITY 2.4 SSE, UT US",0.0,0.0,0.0,0.0,0.0,0.0,0.0,0.0,0.0,0.0,0.0,0.0
"HEBER CITY 7.2 E, UT US",0.0,0.0,0.0,0.0,0.0,,0.0,,,,,0.0
"HEBER, UT US",22.0,22.0,22.0,19.0,21.0,20.0,21.0,21.0,21.0,21.0,21.0,19.0
"HELPER 0.2 WSW, UT US",,,,,,,0.0,0.0,0.0,,,
"HELPER 0.3 SW, UT US",0.0,0.0,0.0,0.0,0.0,0.0,0.0,0.0,0.0,0.0,0.0,0.0
"HELPER CARBON PLANT, UT US",1.0,1.0,0.0,0.0,1.0,0.0,1.0,1.0,1.0,0.0,1.0,0.0
"HENRIEVILLE 0.2 SSW, UT US",0.0,0.0,0.0,0.0,0.0,0.0,0.0,0.0,0.0,0.0,0.0,0.0
"HEWINTA UTAH, UT US",29.0,30.0,28.0,25.0,25.0,25.0,27.0,29.0,30.0,28.0,28.0,27.0
"HEWINTA, UT US",16.0,16.0,16.0,16.0,16.0,16.0,16.0,16.0,16.0,17.0,17.0,17.0
"HIAWATHA, UT US",1.0,1.0,1.0,1.0,0.0,1.0,0.0,,,,,
"HICKERSON PARK, UT US",16.0,16.0,16.0,16.0,16.0,16.0,17.0,17.0,17.0,15.0,17.0,17.0
"HITE RANGER STATION, UT US",15.0,17.0,15.0,15.0,15.0,15.0,17.0,22.0,19.0,16.0,15.0,14.0
"HOBBLE CREEK, UT US",9.0,9.0,10.0,10.0,10.0,10.0,10.0,9.0,9.0,10.0,10.0,10.0
"HOLE IN ROCK, UT US",16.0,16.0,16.0,16.0,16.0,16.0,17.0,17.0,17.0,17.0,17.0,17.0
"HOLLADAY 0.5 ESE, UT US",0.0,0.0,0.0,0.0,0.0,0.0,0.0,0.0,0.0,0.0,0.0,0.0
"HOLLADAY 0.7 WNW, UT US",0.0,0.0,0.0,0.0,0.0,0.0,0.0,0.0,0.0,0.0,0.0,0.0
"HONEYVILLE 0.5 NNE, UT US",0.0,0.0,,,,,0.0,,0.0,0.0,0.0,0.0
"HOOPER 0.1 S, UT US",,,,0.0,0.0,0.0,0.0,0.0,0.0,0.0,,
"HORSE HOLLOW COVE FORT 5 W UT, UT US",31.0,31.0,30.0,30.0,30.0,30.0,30.0,30.0,30.0,30.0,30.0,30.0
"HORSE RIDGE UTAH, UT US",20.0,22.0,22.0,21.0,23.0,23.0,28.0,28.0,29.0,25.0,23.0,21.0
"HORSE RIDGE, UT US",20.0,20.0,20.0,20.0,20.0,20.0,20.0,20.0,20.0,20.0,20.0,21.0
"HOVENWEEP NATIONAL MONUMENT, UT US",28.0,27.0,29.0,29.0,29.0,27.0,30.0,29.0,28.0,27.0,26.0,27.0
"HUNTINGTON HORSE, UT US",9.0,9.0,10.0,10.0,10.0,10.0,10.0,10.0,10.0,10.0,10.0,10.0
"HUNTSVILLE 7.3 ENE, UT US",0.0,,0.0,0.0,,0.0,,0.0,0.0,0.0,,0.0
"HUNTSVILLE MONASTERY, UT US",22.0,22.0,22.0,22.0,22.0,22.0,21.0,21.0,21.0,21.0,20.0,20.0
"HURRICANE 2.4 E, UT US",0.0,0.0,0.0,0.0,0.0,0.0,0.0,0.0,0.0,0.0,0.0,0.0
"HURRICANE 2.4 ENE, UT US",0.0,0.0,0.0,0.0,0.0,0.0,0.0,0.0,0.0,0.0,0.0,0.0
"HYDE PARK 0.7 NW, UT US",,,0.0,0.0,0.0,0.0,0.0,0.0,0.0,0.0,0.0,
"HYDE PARK 1.0 SSW, UT US",0.0,0.0,0.0,0.0,0.0,0.0,0.0,0.0,0.0,0.0,0.0,0.0
"HYRUM 0.8 SE, UT US",0.0,0.0,0.0,0.0,0.0,0.0,0.0,0.0,0.0,0.0,0.0,0.0
"HYRUM 1.5 E, UT US",,,,0.0,0.0,,,,,,,
"HYRUM, UT US",1.0,1.0,1.0,1.0,1.0,1.0,1.0,1.0,1.0,,,1.0
"IBAPAH, UT US",27.0,30.0,27.0,28.0,28.0,27.0,31.0,26.0,30.0,27.0,26.0,31.0
"INDIAN CANYON, UT US",9.0,9.0,10.0,10.0,10.0,10.0,10.0,10.0,10.0,10.0,10.0,10.0
"IVINS 0.8 NW, UT US",0.0,0.0,,,,0.0,0.0,0.0,,0.0,0.0,0.0
"IVINS 1.1 ESE, UT US",,0.0,0.0,,0.0,0.0,0.0,0.0,0.0,0.0,0.0,0.0
"IVINS 1.5 SE, UT US",0.0,0.0,0.0,0.0,,0.0,0.0,0.0,0.0,0.0,0.0,0.0
"JARVIE RANCH 1 S, UT US",2.0,2.0,2.0,2.0,2.0,2.0,1.0,3.0,2.0,3.0,3.0,3.0
"JARVIE RANCH, UT US",15.0,16.0,15.0,13.0,15.0,13.0,15.0,13.0,11.0,14.0,14.0,12.0
"JENSEN 0.4 WSW, UT US",0.0,0.0,0.0,0.0,0.0,0.0,0.0,0.0,0.0,0.0,0.0,0.0
"JENSEN SPRING BERYL 12 NNE, UT US",30.0,30.0,30.0,29.0,30.0,29.0,30.0,29.0,29.0,29.0,30.0,30.0
"JENSEN, UT US",31.0,30.0,31.0,29.0,28.0,30.0,31.0,31.0,31.0,31.0,30.0,31.0
"JOES VALLEY UTAH, UT US",22.0,22.0,22.0,22.0,21.0,21.0,22.0,22.0,22.0,21.0,21.0,22.0
"JOHNSON PASS, UT US",21.0,20.0,21.0,22.0,21.0,22.0,19.0,20.0,20.0,21.0,21.0,19.0
"JONES CORRAL, UT US",15.0,15.0,15.0,15.0,15.0,15.0,15.0,15.0,15.0,15.0,16.0,16.0
"KAMAS 0.1 ESE, UT US",,,,,,0.0,,0.0,0.0,0.0,,
"KAMAS, UT US",31.0,30.0,30.0,25.0,28.0,27.0,29.0,29.0,31.0,31.0,31.0,27.0
"KANAB, UT US",31.0,31.0,31.0,30.0,30.0,31.0,30.0,30.0,31.0,31.0,31.0,31.0
"KANE GULCH BLANDING 23 WSW, UT US",31.0,31.0,30.0,30.0,30.0,30.0,30.0,30.0,30.0,30.0,30.0,30.0
"KANOSH, UT US",16.0,17.0,14.0,17.0,18.0,18.0,15.0,16.0,16.0,17.0,17.0,15.0
"KAYSVILLE 1.2 N, UT US",,,,,,,0.0,0.0,0.0,0.0,0.0,0.0
"KAYSVILLE 1.5 SE, UT US",,,,,0.0,0.0,0.0,0.0,,,,
"KILFOIL CREEK, UT US",12.0,12.0,12.0,12.0,12.0,12.0,13.0,13.0,13.0,13.0,12.0,13.0
"KIMBERLY MINE, UT US",9.0,9.0,10.0,10.0,10.0,10.0,10.0,9.0,10.0,10.0,10.0,10.0
"KING S CABIN, UT US",17.0,17.0,17.0,17.0,17.0,17.0,18.0,18.0,18.0,18.0,18.0,18.0
"KINGS POINT DUTCH JOHN 16 ESE, UT US",31.0,31.0,31.0,30.0,30.0,30.0,30.0,30.0,30.0,30.0,30.0,30.0
"KLONDIKE NARROWS, UT US",13.0,13.0,13.0,13.0,13.0,13.0,14.0,14.0,14.0,14.0,14.0,14.0
"KNOLLS 10 NE, UT US",3.0,1.0,9.0,11.0,10.0,13.0,13.0,13.0,10.0,7.0,2.0,2.0
"KODACHROME BASIN PARK, UT US",31.0,31.0,31.0,30.0,31.0,31.0,29.0,30.0,29.0,30.0,30.0,31.0
"KOLOB, UT US",9.0,8.0,10.0,10.0,10.0,10.0,10.0,10.0,10.0,10.0,10.0,10.0
"KOOSHAREM, UT US",17.0,15.0,12.0,13.0,9.0,10.0,10.0,8.0,10.0,14.0,6.0,8.0
"LA SAL 1 SW, UT US",27.0,28.0,28.0,26.0,25.0,26.0,28.0,24.0,25.0,28.0,28.0,26.0
"LA VERKIN 0.3 W, UT US",0.0,0.0,0.0,,,,,,,,,
"LA VERKIN, UT US",31.0,31.0,31.0,30.0,29.0,30.0,30.0,30.0,30.0,31.0,31.0,31.0
"LAKEFORK BASIN, UT US",24.0,24.0,23.0,22.0,23.0,23.0,21.0,19.0,19.0,21.0,24.0,22.0
"LAKEFORK NUMBER 1, UT US",16.0,17.0,17.0,17.0,16.0,17.0,17.0,17.0,17.0,18.0,18.0,17.0
"LAKEFORK NUMBER 3, UT US",9.0,9.0,10.0,9.0,8.0,8.0,8.0,9.0,8.0,8.0,10.0,10.0
"LAKETOWN, UT US",31.0,31.0,31.0,31.0,31.0,30.0,30.0,30.0,31.0,31.0,31.0,31.0
"LASAL MOUNTAIN LOWER, UT US",10.0,10.0,10.0,10.0,10.0,10.0,10.0,10.0,10.0,11.0,11.0,11.0
"LASAL MOUNTAIN, UT US",19.0,19.0,20.0,19.0,20.0,19.0,19.0,19.0,18.0,20.0,20.0,20.0
"LAVA POINT UTAH, UT US",26.0,26.0,24.0,24.0,24.0,24.0,26.0,27.0,27.0,25.0,24.0,25.0
"LAYTON 1.7 E, UT US",0.0,0.0,,0.0,0.0,0.0,0.0,0.0,0.0,0.0,0.0,0.0
"LAYTON, UT US",3.0,3.0,3.0,3.0,3.0,2.0,2.0,2.0,2.0,1.0,2.0,2.0
"LEHI 1.8 W, UT US",,,,0.0,0.0,0.0,0.0,0.0,0.0,0.0,0.0,
"LEHI 2.0 NNE, UT US",0.0,0.0,0.0,0.0,0.0,0.0,0.0,0.0,0.0,0.0,0.0,0.0
"LEHI 2.0 WNW, UT US",,,,0.0,0.0,0.0,0.0,0.0,0.0,0.0,0.0,0.0
"LEVAN, UT US",30.0,28.0,29.0,29.0,28.0,29.0,28.0,29.0,27.0,27.0,28.0,28.0
"LIGHTNING RIDGE, UT US",14.0,13.0,14.0,14.0,14.0,13.0,15.0,15.0,13.0,15.0,15.0,14.0
"LILY LAKE, UT US",17.0,17.0,17.0,17.0,17.0,17.0,17.0,17.0,18.0,18.0,18.0,18.0
"LITTLE BEAR, UT US",17.0,18.0,18.0,18.0,18.0,17.0,17.0,17.0,17.0,18.0,18.0,18.0
"LITTLE GRASSY, UT US",17.0,17.0,17.0,17.0,17.0,18.0,18.0,18.0,18.0,18.0,17.0,18.0
"LITTLE SAHARA RECREATION AREA, UT US",22.0,26.0,27.0,24.0,26.0,21.0,21.0,26.0,24.0,24.0,16.0,16.0
"LOA, UT US",19.0,21.0,20.0,18.0,19.0,19.0,21.0,21.0,21.0,22.0,20.0,19.0
"LOGAN 0.5 E, UT US",,0.0,0.0,0.0,0.0,0.0,0.0,0.0,0.0,0.0,0.0,
"LOGAN 0.5 ENE, UT US",0.0,0.0,0.0,0.0,0.0,0.0,0.0,0.0,0.0,0.0,0.0,0.0
"LOGAN 0.5 WSW, UT US",,,,,,,,,0.0,,,
"LOGAN 0.7 SW, UT US",0.0,0.0,0.0,0.0,0.0,0.0,0.0,0.0,0.0,0.0,0.0,0.0
"LOGAN 0.9 SE, UT US",,,,,,,,,0.0,0.0,,
"LOGAN 1.7 ESE, UT US",0.0,0.0,0.0,0.0,0.0,0.0,0.0,0.0,0.0,0.0,0.0,0.0
"LOGAN 2.0 NNW, UT US",0.0,,,,,,,,0.0,,,
"LOGAN 2.5 ENE, UT US",,,,,0.0,,,,,,,
"LOGAN 2.6 N, UT US",0.0,,,,0.0,0.0,0.0,0.0,0.0,,0.0,0.0
"LOGAN 5 SW EXPERIMENTAL FARM, UT US",30.0,30.0,31.0,31.0,30.0,30.0,29.0,30.0,29.0,31.0,30.0,29.0
"LOGAN CACHE AIRPORT, UT US",24.0,24.0,24.0,24.0,24.0,23.0,23.0,24.0,24.0,25.0,25.0,24.0
"LOGAN RADIO KVNU, UT US",30.0,30.0,31.0,29.0,30.0,29.0,29.0,30.0,30.0,29.0,29.0,30.0
"LOGAN UTAH ST U, UT US",30.0,30.0,31.0,31.0,28.0,30.0,30.0,31.0,29.0,31.0,30.0,28.0
"LONESOME BEAVER, UT US",8.0,8.0,8.0,8.0,8.0,8.0,8.0,7.0,8.0,8.0,9.0,9.0
"LONG FLAT, UT US",17.0,17.0,17.0,17.0,16.0,18.0,18.0,18.0,18.0,18.0,18.0,18.0
"LONG VALLEY JCT, UT US",18.0,18.0,18.0,18.0,18.0,18.0,18.0,18.0,19.0,19.0,19.0,19.0
"LOOKOUT PEAK, UT US",18.0,18.0,18.0,18.0,17.0,18.0,19.0,19.0,16.0,19.0,19.0,19.0
"LOST CREEK RESV, UT US",12.0,12.0,12.0,12.0,12.0,12.0,13.0,13.0,13.0,13.0,13.0,13.0
"LOST CREEK SALINA 12 S UTAH, UT US",31.0,31.0,30.0,30.0,30.0,30.0,30.0,30.0,30.0,30.0,30.0,30.0
"LOUIS MEADOW, UT US",16.0,16.0,16.0,15.0,15.0,15.0,15.0,17.0,17.0,17.0,17.0,17.0
"LOVELL HOLLOW 0.2 NW, UT US",,,,0.0,0.0,0.0,0.0,0.0,0.0,,,
"LYMAN 0.2 SW, UT US",0.0,0.0,0.0,0.0,0.0,0.0,0.0,0.0,0.0,0.0,0.0,0.0
"LYTLE RANCH, UT US",22.0,24.0,22.0,23.0,19.0,17.0,18.0,23.0,23.0,20.0,21.0,19.0
"MAESER 9 NW, UT US",18.0,18.0,18.0,18.0,18.0,17.0,17.0,17.0,18.0,17.0,18.0,17.0
"MAGNA 1.0 SW, UT US",0.0,0.0,0.0,0.0,0.0,0.0,0.0,0.0,0.0,0.0,0.0,0.0
"MAGNA 1.2 W, UT US",0.0,0.0,0.0,0.0,0.0,0.0,0.0,0.0,0.0,0.0,0.0,0.0
"MAMMOTH COTTONWOOD, UT US",17.0,17.0,17.0,17.0,17.0,17.0,17.0,18.0,18.0,18.0,18.0,18.0
"MANILA 18 ESE, UT US",3.0,3.0,3.0,3.0,3.0,2.0,2.0,2.0,2.0,3.0,3.0,3.0
"MANILA, UT US",14.0,14.0,14.0,14.0,14.0,14.0,15.0,15.0,16.0,16.0,16.0,16.0
"MANTI RADIO KMTI, UT US",6.0,6.0,6.0,6.0,6.0,6.0,6.0,7.0,7.0,7.0,7.0,7.0
"MANTI, UT US",31.0,31.0,31.0,30.0,31.0,31.0,30.0,31.0,31.0,31.0,31.0,31.0
"MANTUA 0.6 WNW, UT US",0.0,0.0,,0.0,0.0,0.0,0.0,0.0,0.0,0.0,0.0,0.0
"MARYSVALE, UT US",23.0,23.0,23.0,23.0,23.0,23.0,23.0,25.0,23.0,23.0,23.0,23.0
"MCCOOK RIDGE, UT US",29.0,29.0,28.0,29.0,29.0,29.0,29.0,29.0,30.0,29.0,29.0,29.0
"MENDON 0.3 NE, UT US",,,0.0,0.0,,,,,,,0.0,
"MERCHANT VALLEY, UT US",19.0,19.0,19.0,18.0,19.0,19.0,19.0,20.0,19.0,20.0,20.0,20.0
"MEXICAN HAT 10 NW, UT US",3.0,3.0,3.0,4.0,4.0,3.0,3.0,3.0,4.0,4.0,4.0,3.0
"MEXICAN HAT, UT US",25.0,24.0,26.0,25.0,25.0,26.0,25.0,25.0,26.0,26.0,26.0,26.0
"MIDVALE 1.7 NE, UT US",0.0,0.0,0.0,0.0,0.0,0.0,0.0,0.0,0.0,,0.0,
"MIDWAY 3 NE, UT US",4.0,4.0,4.0,4.0,4.0,3.0,3.0,4.0,4.0,4.0,4.0,4.0
"MIDWAY VALLEY, UT US",19.0,19.0,19.0,19.0,19.0,19.0,20.0,20.0,20.0,20.0,20.0,20.0
"MILFORD 42 WNW, UT US",4.0,4.0,4.0,4.0,4.0,3.0,3.0,4.0,4.0,4.0,4.0,4.0
"MILFORD MUNICIPAL AIRPORT, UT US",26.0,24.0,23.0,25.0,25.0,22.0,23.0,23.0,23.0,25.0,25.0,24.0
"MILFORD, UT US",9.0,11.0,12.0,12.0,11.0,11.0,10.0,11.0,11.0,11.0,12.0,11.0
"MILL D NORTH, UT US",18.0,18.0,18.0,18.0,17.0,17.0,18.0,19.0,19.0,19.0,19.0,19.0
"MILLCREEK 1.4 E, UT US",0.0,0.0,0.0,0.0,0.0,0.0,0.0,0.0,0.0,0.0,0.0,0.0
"MILLVILLE 0.3 SE, UT US",,,,,0.0,0.0,,,,,,
"MINERS DRAW JENSEN 13 W UTAH, UT US",6.0,6.0,5.0,6.0,6.0,6.0,6.0,6.0,5.0,5.0,5.0,5.0
"MINERSVILLE, UT US",0.0,0.0,0.0,0.0,0.0,0.0,0.0,0.0,0.0,0.0,0.0,0.0
"MINING FORK, UT US",19.0,19.0,19.0,19.0,19.0,19.0,20.0,20.0,20.0,20.0,20.0,20.0
"MOAB 0.3 ENE, UT US",0.0,0.0,0.0,0.0,0.0,0.0,0.0,0.0,0.0,0.0,0.0,0.0
"MOAB 0.7 ESE, UT US",0.0,0.0,0.0,0.0,0.0,0.0,0.0,0.0,0.0,0.0,0.0,0.0
"MOAB 1.3 NW, UT US",0.0,0.0,0.0,0.0,0.0,0.0,0.0,0.0,0.0,0.0,0.0,0.0
"MOAB 17.8 SSE, UT US",,,,0.0,0.0,0.0,0.0,0.0,0.0,0.0,0.0,0.0
"MOAB 19.1 ENE, UT US",,,,0.0,0.0,0.0,,,,,,
"MOAB 2.7 SE, UT US",0.0,0.0,0.0,0.0,0.0,0.0,0.0,0.0,0.0,0.0,0.0,0.0
"MOAB 3.3 SE, UT US",0.0,0.0,0.0,0.0,0.0,0.0,0.0,0.0,0.0,0.0,0.0,0.0
"MOAB 3.7 ESE, UT US",0.0,0.0,0.0,0.0,0.0,0.0,0.0,0.0,0.0,0.0,0.0,0.0
"MOAB 5.9 SE, UT US",0.0,0.0,0.0,,,,,,,,,
"MOAB CANYONLAND AIRPORT, UT US",24.0,24.0,24.0,23.0,24.0,23.0,23.0,24.0,24.0,24.0,22.0,23.0
"MOAB, UT US",30.0,29.0,31.0,30.0,30.0,29.0,31.0,31.0,31.0,31.0,30.0,31.0
"MODENA, UT US",12.0,11.0,11.0,11.0,12.0,11.0,11.0,10.0,11.0,11.0,12.0,12.0
"MONTE CRISTO, UT US",16.0,16.0,16.0,16.0,16.0,16.0,16.0,17.0,17.0,17.0,17.0,17.0
"MONTICELLO 0.3 W, UT US",,,,,,,,0.0,,,,
"MONTICELLO 0.4 SW, UT US",0.0,0.0,0.0,,,0.0,0.0,0.0,0.0,0.0,0.0,0.0
"MONTICELLO 0.8 SW, UT US",,,,,0.0,0.0,,,,,,
"MONTICELLO 0.9 W, UT US",0.0,0.0,0.0,0.0,,0.0,0.0,0.0,0.0,0.0,0.0,0.0
"MONTICELLO 1.2 E, UT US",0.0,,,,0.0,,0.0,0.0,0.0,0.0,0.0,0.0
"MONTICELLO 2 E, UT US",20.0,19.0,19.0,18.0,18.0,18.0,18.0,19.0,19.0,19.0,18.0,17.0
"MONTICELLO 2.3 SW, UT US",0.0,0.0,0.0,0.0,0.0,0.0,0.0,0.0,0.0,0.0,0.0,0.0
"MONTICELLO 24 NW, UT US",4.0,4.0,4.0,4.0,4.0,3.0,3.0,3.0,4.0,4.0,4.0,4.0
"MONTICELLO NUMBER 2, UT US",11.0,11.0,11.0,11.0,11.0,10.0,11.0,12.0,12.0,12.0,10.0,12.0
"MOON LAKE, UT US",,,,,,,,1.0,1.0,1.0,1.0,1.0
"MORGAN 0.8 SE, UT US",0.0,0.0,0.0,0.0,0.0,0.0,0.0,0.0,0.0,0.0,0.0,0.0
"MORGAN, UT US",25.0,22.0,24.0,25.0,24.0,23.0,23.0,21.0,22.0,23.0,24.0,25.0
"MORONI, UT US",25.0,27.0,27.0,22.0,24.0,25.0,25.0,24.0,24.0,23.0,26.0,25.0
"MOSBY MOUNTAIN, UT US",19.0,19.0,19.0,19.0,18.0,18.0,19.0,18.0,20.0,20.0,20.0,20.0
"MOUNT BALDY, UT US",10.0,10.0,9.0,9.0,10.0,10.0,10.0,11.0,11.0,11.0,11.0,11.0
"MOUNT OLYMPUS 0.5 SW, UT US",0.0,0.0,0.0,0.0,0.0,0.0,0.0,0.0,0.0,0.0,0.0,0.0
"MOUNTAIN DELL DAM, UT US",22.0,26.0,27.0,26.0,26.0,27.0,27.0,27.0,27.0,27.0,26.0,25.0
"MUD SPRING EUREKA 13 SW UTAH, UT US",30.0,30.0,30.0,30.0,30.0,30.0,30.0,30.0,30.0,30.0,30.0,30.0
"MURRAY 1.1 NW, UT US",,,,,0.0,0.0,0.0,0.0,,,0.0,
"MURRAY 1.8 SE, UT US",0.0,0.0,0.0,0.0,0.0,0.0,0.0,0.0,0.0,0.0,0.0,0.0
"MUSKRAT SPRINGS DELLE 10 SSE, UT US",9.0,9.0,7.0,8.0,8.0,8.0,8.0,8.0,8.0,8.0,8.0,8.0
"MYTON, UT US",12.0,18.0,25.0,20.0,15.0,21.0,16.0,22.0,21.0,16.0,13.0,14.0
"NAPLES 0.8 N, UT US",0.0,0.0,0.0,0.0,0.0,0.0,0.0,0.0,0.0,0.0,0.0,
"NAPLES 2.8 SSE, UT US",0.0,0.0,0.0,0.0,0.0,0.0,0.0,0.0,0.0,0.0,0.0,0.0
"NATURAL BRIDGES N.M., UT US",31.0,30.0,31.0,31.0,28.0,30.0,31.0,31.0,30.0,30.0,30.0,26.0
"NEOLA, UT US",30.0,31.0,30.0,29.0,29.0,30.0,28.0,28.0,30.0,30.0,30.0,30.0
"NEPHI, UT US",31.0,30.0,30.0,30.0,30.0,29.0,30.0,31.0,31.0,31.0,31.0,31.0
"NEW HARMONY, UT US",26.0,28.0,28.0,29.0,28.0,28.0,29.0,29.0,30.0,30.0,27.0,28.0
"NEWCASTLE 0.6 SSW, UT US",0.0,0.0,0.0,0.0,0.0,0.0,0.0,0.0,0.0,0.0,0.0,0.0
"NIBLEY 1.0 WNW, UT US",,,,,0.0,,,0.0,,,,0.0
"NORTH LOGAN 0.7 E, UT US",,0.0,0.0,,0.0,,,,,0.0,,0.0
"NORTH LOGAN 0.8 ESE, UT US",0.0,0.0,0.0,0.0,0.0,0.0,0.0,0.0,0.0,0.0,0.0,0.0
"NORTH LONG POINT UTAH, UT US",23.0,22.0,22.0,21.0,21.0,23.0,22.0,24.0,25.0,24.0,24.0,24.0
"NORTH OGDEN 1.2 S, UT US",0.0,0.0,0.0,0.0,0.0,0.0,0.0,0.0,0.0,0.0,0.0,0.0
"NORWAY KAMAS 10 W UTAH, UT US",20.0,19.0,19.0,18.0,19.0,20.0,26.0,29.0,29.0,28.0,25.0,21.0
"NUTTER S RANCH, UT US",,,,,,,1.0,1.0,1.0,1.0,1.0,1.0
"OAK CITY 0.3 SSE, UT US",0.0,0.0,0.0,0.0,0.0,0.0,0.0,0.0,0.0,0.0,0.0,0.0
"OAK CITY, UT US",31.0,31.0,31.0,30.0,30.0,30.0,28.0,30.0,30.0,29.0,29.0,30.0
"OAK CREEK, UT US",12.0,12.0,12.0,12.0,12.0,12.0,11.0,13.0,13.0,13.0,13.0,13.0
"OAKLEY 0.9 SW, UT US",0.0,0.0,0.0,0.0,0.0,0.0,0.0,0.0,0.0,0.0,0.0,0.0
"OAKLEY 1.0 SW, UT US",0.0,0.0,0.0,,,,,,,,,
"OASIS 1.2 NE, UT US",0.0,0.0,0.0,0.0,0.0,0.0,0.0,0.0,0.0,0.0,0.0,0.0
"OGDEN 2.0 NE, UT US",0.0,0.0,0.0,0.0,0.0,0.0,0.0,0.0,0.0,0.0,0.0,0.0
"OGDEN HINKLEY AIRPORT, UT US",24.0,24.0,24.0,24.0,24.0,25.0,25.0,25.0,25.0,25.0,25.0,25.0
"OGDEN NE BENCH, UT US",12.0,12.0,12.0,12.0,12.0,12.0,12.0,12.0,12.0,12.0,12.0,12.0
"OGDEN PIONEER PH, UT US",17.0,16.0,19.0,18.0,16.0,19.0,16.0,19.0,19.0,18.0,17.0,17.0
"OGDEN SUGAR FACTORY, UT US",15.0,16.0,16.0,16.0,17.0,16.0,14.0,13.0,15.0,15.0,15.0,16.0
"OLMSTEAD PH, UT US",12.0,12.0,12.0,12.0,12.0,12.0,11.0,12.0,11.0,11.0,11.0,10.0
"ORDERVILLE, UT US",23.0,23.0,23.0,22.0,20.0,21.0,21.0,21.0,22.0,22.0,22.0,21.0
"OREM 1.4 ESE, UT US",0.0,0.0,0.0,0.0,0.0,0.0,0.0,0.0,0.0,0.0,0.0,0.0
"OREM 1.7 SSW, UT US",0.0,0.0,,0.0,0.0,,,0.0,0.0,0.0,,
"OREM 2.6 S, UT US",0.0,0.0,0.0,0.0,0.0,0.0,0.0,0.0,0.0,0.0,0.0,0.0
"OREM TREATMENT PLANT, UT US",17.0,17.0,15.0,16.0,15.0,14.0,14.0,16.0,16.0,16.0,16.0,15.0
"ORTON 4.7 SSE, UT US",0.0,0.0,0.0,0.0,0.0,0.0,0.0,0.0,0.0,0.0,0.0,0.0
"OTTER CREEK UTAH, UT US",20.0,20.0,20.0,19.0,19.0,19.0,19.0,19.0,19.0,19.0,19.0,20.0
"OURAY 4 NE, UT US",29.0,31.0,31.0,31.0,31.0,30.0,31.0,31.0,29.0,30.0,31.0,29.0
"PANGUITCH 0.1 E, UT US",0.0,0.0,0.0,0.0,0.0,0.0,,0.0,0.0,,0.0,0.0
"PANGUITCH LAKE RANGER STATION, UT US",8.0,8.0,8.0,8.0,8.0,9.0,9.0,9.0,9.0,9.0,9.0,9.0
"PANGUITCH, UT US",22.0,22.0,22.0,22.0,23.0,23.0,23.0,23.0,23.0,24.0,22.0,22.0
"PARAGONAH, UT US",8.0,10.0,10.0,9.0,9.0,10.0,10.0,10.0,9.0,10.0,9.0,10.0
"PARIA RANGER STATION, UT US",14.0,15.0,11.0,10.0,13.0,16.0,19.0,21.0,19.0,20.0,16.0,16.0
"PARIETTE DRAW, UT US",8.0,8.0,7.0,8.0,8.0,7.0,7.0,7.0,7.0,7.0,7.0,7.0
"PARK CITY 1.3 E, UT US",0.0,0.0,0.0,0.0,0.0,0.0,0.0,0.0,0.0,,0.0,0.0
"PARK CITY 1.4 NNW, UT US",0.0,0.0,0.0,0.0,0.0,,0.0,0.0,0.0,0.0,0.0,0.0
"PARK CITY 4 NW, UT US",1.0,1.0,1.0,,,,,,,,,
"PARK CITY 5.5 NNE, UT US",0.0,0.0,0.0,0.0,0.0,0.0,0.0,0.0,0.0,0.0,0.0,0.0
"PARK CITY 8.6 NNW, UT US",,0.0,0.0,0.0,0.0,,,,,0.0,0.0,
"PARK CITY 8.7 NW, UT US",,,,,0.0,0.0,0.0,0.0,,,,
"PARK CITY, UT US",20.0,16.0,16.0,18.0,19.0,16.0,17.0,19.0,19.0,16.0,21.0,22.0
"PARLEY S SUMMIT, UT US",19.0,19.0,19.0,19.0,19.0,19.0,19.0,18.0,19.0,20.0,20.0,20.0
"PAROWAN 0.5 NNW, UT US",0.0,0.0,0.0,0.0,0.0,0.0,0.0,0.0,0.0,0.0,0.0,0.0
"PARRISH CREEK, UT US",22.0,22.0,23.0,23.0,23.0,23.0,23.0,22.0,23.0,23.0,24.0,24.0
"PARTOUN, UT US",31.0,30.0,31.0,30.0,30.0,30.0,30.0,30.0,31.0,31.0,30.0,30.0
"PAYSON RANGER STATION, UT US",21.0,21.0,20.0,20.0,20.0,19.0,19.0,21.0,21.0,21.0,21.0,22.0
"PAYSON, UT US",0.0,0.0,0.0,0.0,0.0,0.0,0.0,0.0,0.0,0.0,0.0,0.0
"PERRY 0.6 S, UT US",0.0,0.0,0.0,0.0,0.0,0.0,0.0,0.0,0.0,0.0,0.0,0.0
"PICKLE KEG, UT US",19.0,18.0,18.0,18.0,18.0,19.0,19.0,19.0,20.0,20.0,19.0,20.0
"PINE CREEK, UT US",17.0,17.0,17.0,17.0,17.0,17.0,17.0,18.0,18.0,18.0,18.0,18.0
"PINEVIEW DAM, UT US",30.0,31.0,31.0,30.0,31.0,31.0,31.0,31.0,30.0,30.0,30.0,30.0
"PLEASANT GROVE 1.0 WNW, UT US",0.0,0.0,0.0,0.0,0.0,0.0,0.0,0.0,0.0,0.0,0.0,0.0
"PLEASANT GROVE UTAH, UT US",23.0,22.0,22.0,22.0,22.0,25.0,25.0,25.0,25.0,23.0,23.0,23.0
"PLEASANT GROVE, UT US",27.0,28.0,29.0,28.0,29.0,29.0,30.0,30.0,29.0,29.0,30.0,29.0
"PLEASANT VIEW 1.2 S, UT US",,,,,,,,,0.0,0.0,0.0,0.0
"PLYMOUTH, UT US",0.0,0.0,0.0,0.0,0.0,0.0,0.0,0.0,0.0,0.0,0.0,0.0
"PRICE 2.2 W, UT US",0.0,0.0,0.0,0.0,0.0,0.0,0.0,0.0,0.0,0.0,0.0,0.0
"PRICE 3 E, UT US",3.0,3.0,3.0,3.0,3.0,2.0,2.0,2.0,2.0,3.0,3.0,3.0
"PRICE 6.6 ESE, UT US",,,,,,,0.0,0.0,0.0,,,
"PRICE BLM, UT US",2.0,2.0,2.0,1.0,1.0,2.0,2.0,0.0,1.0,0.0,2.0,1.0
"PRICE CARBON CO AIRPORT, UT US",24.0,24.0,24.0,24.0,24.0,22.0,23.0,23.0,23.0,24.0,24.0,24.0
"PROMONTORY, UT US",0.0,0.0,0.0,0.0,0.0,0.0,0.0,0.0,0.0,0.0,0.0,0.0
"PROVIDENCE 0.2 W, UT US",0.0,0.0,0.0,0.0,0.0,,,,0.0,,,
"PROVIDENCE 0.5 NW, UT US",0.0,0.0,0.0,0.0,0.0,0.0,0.0,0.0,0.0,0.0,0.0,0.0
"PROVIDENCE 0.7 NW, UT US",0.0,0.0,0.0,0.0,0.0,0.0,0.0,,,0.0,0.0,0.0
"PROVIDENCE 0.8 WNW, UT US",0.0,0.0,0.0,0.0,0.0,0.0,0.0,0.0,0.0,0.0,0.0,0.0
"PROVO 22 E, UT US",3.0,3.0,3.0,3.0,4.0,3.0,3.0,4.0,4.0,4.0,4.0,3.0
"PROVO 3.4 SSE, UT US",,,,0.0,0.0,0.0,0.0,0.0,0.0,0.0,0.0,
"PROVO BYU, UT US",31.0,31.0,31.0,31.0,31.0,31.0,31.0,31.0,31.0,31.0,31.0,31.0
"RANDOLPH 0.4 NNW, UT US",0.0,0.0,,,,,,,0.0,0.0,,0.0
"RANDOLPH, UT US",15.0,16.0,22.0,25.0,27.0,26.0,27.0,27.0,23.0,19.0,20.0,19.0
"RAY S VALLEY UTAH, UT US",25.0,25.0,25.0,24.0,24.0,25.0,26.0,26.0,26.0,25.0,25.0,26.0
"RED DOME ROSETTE 22 S, UT US",7.0,6.0,5.0,6.0,6.0,6.0,6.0,6.0,6.0,6.0,6.0,6.0
"RED PINE RIDGE, UT US",18.0,18.0,18.0,17.0,17.0,18.0,18.0,18.0,18.0,18.0,18.0,19.0
"REDDEN MINE LWR, UT US",9.0,9.0,10.0,10.0,10.0,10.0,10.0,10.0,10.0,10.0,10.0,10.0
"REES FLAT, UT US",9.0,9.0,10.0,10.0,10.0,10.0,9.0,10.0,10.0,10.0,10.0,10.0
"RICHFIELD RADIO KSVC, UT US",29.0,31.0,30.0,30.0,29.0,31.0,30.0,29.0,29.0,29.0,29.0,29.0
"RICHMOND 0.5 WNW, UT US",0.0,0.0,0.0,0.0,0.0,0.0,0.0,0.0,0.0,0.0,0.0,0.0
"RICHMOND 1.6 NE, UT US",0.0,0.0,,,,,,,,,0.0,0.0
"RICHMOND, UT US",30.0,31.0,31.0,29.0,31.0,29.0,31.0,30.0,30.0,31.0,30.0,31.0
"ROCK CREEK, UT US",17.0,17.0,17.0,17.0,17.0,17.0,17.0,18.0,18.0,18.0,18.0,18.0
"ROCKVILLE 5.1 SW, UT US",0.0,0.0,0.0,0.0,0.0,0.0,0.0,0.0,0.0,0.0,0.0,0.0
"ROCKY BASIN SETTLEME, UT US",19.0,19.0,19.0,19.0,19.0,18.0,19.0,19.0,20.0,20.0,20.0,20.0
"ROOSEVELT 0.2 WSW, UT US",,,,,,0.0,,,,,,
"ROOSEVELT 1.1 SE, UT US",0.0,,0.0,,0.0,0.0,0.0,0.0,0.0,0.0,0.0,0.0
"ROOSEVELT RADIO, UT US",31.0,31.0,30.0,30.0,29.0,30.0,31.0,30.0,31.0,30.0,31.0,31.0
"ROSEBUD UTAH, UT US",20.0,19.0,20.0,19.0,19.0,19.0,19.0,19.0,19.0,19.0,19.0,20.0
"ROSETTE, UT US",30.0,29.0,30.0,29.0,29.0,26.0,28.0,28.0,29.0,30.0,29.0,30.0
"ROY 0.5 NE, UT US",0.0,0.0,0.0,,0.0,0.0,0.0,0.0,0.0,0.0,0.0,0.0
"ROY 1.7 NNE, UT US",0.0,0.0,0.0,0.0,0.0,0.0,0.0,0.0,0.0,0.0,0.0,0.0
"SALEM 1.2 SW, UT US",,,,0.0,0.0,0.0,0.0,0.0,0.0,0.0,,
"SALINA 24 E, UT US",30.0,29.0,30.0,29.0,28.0,29.0,28.0,29.0,29.0,28.0,30.0,28.0
"SALINA, UT US",6.0,8.0,7.0,8.0,7.0,7.0,7.0,7.0,7.0,7.0,7.0,7.0
"SALT LAKE CITY 0.7 NNW, UT US",0.0,0.0,0.0,,,,,,0.0,0.0,0.0,0.0
"SALT LAKE CITY 1.8 SE, UT US",0.0,0.0,0.0,0.0,0.0,0.0,0.0,0.0,0.0,0.0,0.0,0.0
"SALT LAKE CITY 2.1 NE, UT US",0.0,0.0,0.0,0.0,0.0,0.0,0.0,0.0,0.0,0.0,0.0,0.0
"SALT LAKE CITY 2.1 SE, UT US",0.0,0.0,0.0,0.0,0.0,0.0,0.0,0.0,0.0,0.0,0.0,0.0
"SALT LAKE CITY 3.3 E, UT US",0.0,0.0,0.0,0.0,0.0,0.0,0.0,0.0,0.0,0.0,0.0,0.0
"SALT LAKE CITY 3.6 SE, UT US",0.0,0.0,0.0,0.0,0.0,0.0,0.0,0.0,0.0,0.0,0.0,0.0
"SALT LAKE CITY 3.8 E, UT US",0.0,,,,,,,0.0,,0.0,0.0,
"SALT LAKE CITY 4.1 ESE, UT US",0.0,0.0,0.0,0.0,0.0,,0.0,0.0,0.0,0.0,0.0,
"SALT LAKE CITY 4.5 SE, UT US",0.0,0.0,0.0,0.0,0.0,0.0,0.0,0.0,0.0,0.0,0.0,0.0
"SALT LAKE CITY 4.9 SE, UT US",0.0,0.0,0.0,0.0,0.0,0.0,0.0,0.0,0.0,0.0,0.0,0.0
"SALT LAKE CITY 8.3 ENE, UT US",,,,,,,,0.0,0.0,0.0,0.0,
"SALT LAKE CITY 8.3 WSW, UT US",0.0,0.0,0.0,0.0,0.0,0.0,0.0,0.0,0.0,0.0,0.0,0.0
"SALT LAKE CITY E BENCH, UT US",11.0,12.0,12.0,12.0,10.0,12.0,13.0,11.0,11.0,12.0,11.0,12.0
"SALT LAKE CITY INTERNATIONAL AIRPORT, UT US",31.0,31.0,31.0,31.0,31.0,31.0,31.0,31.0,31.0,31.0,31.0,31.0
"SALT LAKE TRIAD CENTER, UT US",12.0,11.0,12.0,10.0,11.0,9.0,9.0,10.0,9.0,9.0,9.0,10.0
"SANDY 1.0 ESE, UT US",,,,,,,,0.0,0.0,,,
"SANDY 1.1 NNE, UT US",0.0,0.0,0.0,0.0,0.0,0.0,0.0,0.0,0.0,0.0,0.0,0.0
"SANDY 1.2 SSW, UT US",,,0.0,0.0,0.0,0.0,,0.0,,0.0,,
"SANDY 1.6 NE, UT US",0.0,0.0,0.0,0.0,0.0,0.0,0.0,0.0,0.0,0.0,0.0,0.0
"SANDY 1.7 WNW, UT US",0.0,0.0,0.0,,,,0.0,0.0,0.0,0.0,0.0,0.0
"SANDY 2.0 ESE, UT US",0.0,0.0,0.0,0.0,0.0,0.0,0.0,0.0,0.0,0.0,0.0,0.0
"SANDY 2.0 NE, UT US",0.0,0.0,0.0,0.0,0.0,0.0,0.0,0.0,0.0,0.0,0.0,0.0
"SANDY 2.1 WNW, UT US",0.0,0.0,0.0,0.0,0.0,0.0,0.0,0.0,0.0,0.0,0.0,0.0
"SANDY 2.7 SE, UT US",,,,,,,,,0.0,0.0,,
"SANTA CLARA 1.3 SE, UT US",,0.0,,0.0,,,0.0,,0.0,,0.0,0.0
"SANTAQUIN CHLORINATOR, UT US",31.0,30.0,31.0,31.0,31.0,31.0,31.0,31.0,31.0,30.0,31.0,31.0
"SCIPIO, UT US",28.0,27.0,26.0,28.0,29.0,25.0,23.0,26.0,26.0,28.0,29.0,26.0
"SCOFIELD DAM, UT US",1.0,1.0,1.0,1.0,1.0,1.0,1.0,1.0,1.0,1.0,1.0,1.0
"SCOFIELD SKYLINE MINE, UT US",31.0,31.0,31.0,30.0,31.0,28.0,29.0,30.0,31.0,28.0,30.0,30.0
"SEELEY CREEK, UT US",17.0,17.0,16.0,16.0,16.0,17.0,17.0,17.0,18.0,18.0,18.0,18.0
"SEGO CANYON THOMPSON 10 N UTA, UT US",6.0,6.0,5.0,4.0,5.0,5.0,5.0,5.0,5.0,5.0,5.0,5.0
"SEVIER DRY LAKE, UT US",0.0,1.0,1.0,0.0,0.0,0.0,0.0,0.0,0.0,0.0,0.0,0.0
"SEVIER RESERVOIR SCIPIO 9 NNE, UT US",31.0,31.0,30.0,29.0,29.0,29.0,28.0,30.0,30.0,30.0,29.0,29.0
"SHIFTING SANDS RANCH, UT US",1.0,1.0,1.0,1.0,1.0,1.0,1.0,,,,,
"SIGNAL PEAK MONROE 5 E UTAH, UT US",29.0,28.0,29.0,30.0,30.0,30.0,29.0,30.0,30.0,30.0,29.0,27.0
"SIGURD U P AND L, UT US",4.0,4.0,4.0,4.0,4.0,4.0,3.0,3.0,3.0,3.0,3.0,2.0
"SILVER LAKE BRIGHTON, UT US",28.0,30.0,29.0,25.0,28.0,29.0,25.0,30.0,30.0,29.0,29.0,31.0
"SIMPSON SPRINGS VERNON 18 W, UT US",6.0,6.0,4.0,5.0,5.0,5.0,5.0,5.0,5.0,5.0,5.0,5.0
"SIXMILE RIDGE 0.5 SW, UT US",,,,0.0,0.0,0.0,0.0,0.0,0.0,,,
"SKUNK RIDGE DELLE 8 NW, UT US",6.0,6.0,4.0,5.0,5.0,5.0,5.0,5.0,5.0,4.0,4.0,5.0
"SMITH AND MOREHOUSE, UT US",16.0,16.0,16.0,16.0,16.0,16.0,16.0,16.0,16.0,17.0,17.0,15.0
"SNAKE CREEK POWERHOUSE, UT US",16.0,17.0,17.0,17.0,17.0,17.0,15.0,16.0,16.0,17.0,16.0,16.0
"SNOWBIRD, UT US",18.0,19.0,20.0,20.0,20.0,20.0,21.0,21.0,20.0,20.0,20.0,20.0
"SNYDERVILLE, UT US",3.0,3.0,3.0,3.0,3.0,4.0,4.0,3.0,3.0,2.0,2.0,2.0
"SOLDIER SUMMIT, UT US",4.0,5.0,5.0,5.0,4.0,5.0,3.0,3.0,5.0,5.0,5.0,5.0
"SOUTH OGDEN 1.2 ESE, UT US",0.0,,,,0.0,0.0,0.0,0.0,,,,
"SOUTH OGDEN 1.3 N, UT US",0.0,0.0,0.0,0.0,0.0,0.0,0.0,0.0,0.0,0.0,0.0,0.0
"SOUTH OGDEN 1.5 SSE, UT US",,,,,0.0,0.0,0.0,0.0,0.0,0.0,0.0,
"SOUTH SALT LAKE 2.4 NE, UT US",0.0,0.0,0.0,0.0,0.0,0.0,0.0,0.0,0.0,0.0,0.0,0.0
"SOUTH WEBER 0.3 ESE, UT US",,,,,0.0,,,,0.0,0.0,0.0,
"SPANISH FORK 1.0 W, UT US",0.0,0.0,0.0,0.0,0.0,0.0,0.0,0.0,0.0,0.0,0.0,0.0
"SPANISH FORK POWER HOUSE, UT US",31.0,31.0,31.0,31.0,31.0,31.0,31.0,31.0,31.0,30.0,31.0,31.0
"SPANISH VALLEY 25 SW, UT US",3.0,3.0,3.0,3.0,3.0,2.0,2.0,2.0,2.0,3.0,3.0,3.0
"SPIRIT LK, UT US",13.0,13.0,13.0,13.0,13.0,13.0,13.0,13.0,13.0,14.0,14.0,14.0
"SPRINGDALE 0.6 SW, UT US",0.0,0.0,0.0,0.0,0.0,0.0,0.0,0.0,0.0,0.0,0.0,0.0
"SQUAW SPRINGS, UT US",9.0,9.0,10.0,9.0,9.0,10.0,10.0,9.0,10.0,9.0,9.0,9.0
"ST GEORGE 3.1 NW, UT US",0.0,0.0,0.0,0.0,0.0,0.0,0.0,0.0,0.0,0.0,0.0,0.0
"ST GEORGE MUNICIPAL AIRPORT, UT US",5.0,5.0,6.0,6.0,6.0,6.0,6.0,5.0,5.0,6.0,6.0,6.0
"ST. GEORGE 1.5 SSW, UT US",0.0,0.0,0.0,0.0,0.0,0.0,0.0,0.0,0.0,0.0,0.0,0.0
"ST. GEORGE 11.9 N, UT US",0.0,0.0,0.0,0.0,0.0,0.0,0.0,0.0,0.0,0.0,0.0,0.0
"ST. GEORGE 15 NE, UT US",2.0,2.0,2.0,2.0,2.0,2.0,2.0,2.0,2.0,2.0,2.0,2.0
"ST. GEORGE 2.2 SSE, UT US",,,,,0.0,0.0,0.0,0.0,0.0,0.0,0.0,0.0
"ST. GEORGE 4.1 NNW, UT US",0.0,0.0,0.0,0.0,0.0,0.0,0.0,0.0,0.0,0.0,0.0,0.0
"ST. GEORGE 4.1 SSW, UT US",0.0,0.0,0.0,0.0,0.0,0.0,0.0,0.0,0.0,0.0,0.0,0.0
"ST. GEORGE, UT US",24.0,27.0,25.0,27.0,26.0,25.0,25.0,26.0,26.0,26.0,27.0,28.0
"STANSBURY PARK 1.1 SSE, UT US",,,,,,,,,0.0,0.0,0.0,
"STEEL CREEK PARK, UT US",16.0,16.0,16.0,16.0,16.0,16.0,16.0,16.0,16.0,17.0,17.0,17.0
"STOCKTON 0.6 NW, UT US",0.0,0.0,0.0,0.0,0.0,0.0,0.0,0.0,0.0,0.0,0.0,0.0
"STRAWBERRY DIVIDE, UT US",19.0,19.0,19.0,19.0,19.0,20.0,20.0,20.0,20.0,20.0,20.0,20.0
"SUMMIT, UT US",0.0,0.0,0.0,0.0,0.0,0.0,0.0,0.0,0.0,0.0,0.0,0.0
"SUNDANCE, UT US",12.0,12.0,11.0,9.0,12.0,11.0,11.0,13.0,12.0,12.0,11.0,12.0
"SUNFLOWER FLAT, UT US",9.0,9.0,9.0,9.0,9.0,9.0,9.0,9.0,9.0,9.0,10.0,10.0
"SUNNYSIDE CITY CENT, UT US",17.0,17.0,16.0,17.0,17.0,17.0,15.0,17.0,15.0,14.0,15.0,15.0
"SUNNYSIDE CITY, UT US",9.0,10.0,10.0,10.0,10.0,10.0,11.0,11.0,12.0,11.0,11.0,11.0
"SUNSET 0.4 SW, UT US",0.0,,,,,,0.0,0.0,0.0,,0.0,0.0
"SUTHERLAND 1.5 SW, UT US",0.0,0.0,0.0,0.0,0.0,0.0,0.0,0.0,0.0,0.0,0.0,0.0
"SUU RANCH, UT US",9.0,9.0,9.0,9.0,9.0,9.0,9.0,9.0,10.0,10.0,10.0,10.0
"SYRACUSE 2.4 S, UT US",,,,,,,,,,0.0,0.0,0.0
"TAKKA WIIYA, UT US",2.0,2.0,2.0,2.0,2.0,2.0,1.0,1.0,2.0,2.0,2.0,2.0
"TAYLORSVILLE 0.3 NNW, UT US",0.0,0.0,0.0,0.0,0.0,0.0,0.0,0.0,0.0,0.0,0.0,0.0
"TAYLORSVILLE 2.4 SW, UT US",0.0,0.0,0.0,0.0,0.0,0.0,0.0,0.0,0.0,0.0,0.0,0.0
"TAYLORSVILLE BENNION 2.0 WSW, UT US",0.0,0.0,0.0,0.0,0.0,0.0,0.0,0.0,0.0,0.0,0.0,0.0
"TELEGRAPH FLAT KANAB 17 E UTA, UT US",31.0,31.0,29.0,29.0,28.0,28.0,29.0,29.0,30.0,30.0,30.0,30.0
"TEMPLE FORK, UT US",9.0,9.0,10.0,10.0,10.0,10.0,10.0,9.0,10.0,10.0,10.0,9.0
"THATCHER 0.2 NE, UT US",0.0,0.0,0.0,0.0,0.0,0.0,0.0,0.0,0.0,0.0,0.0,0.0
"THATCHER 1.7 ESE, UT US",0.0,0.0,0.0,0.0,0.0,0.0,0.0,0.0,0.0,0.0,0.0,0.0
"THAYNES CANYON, UT US",19.0,19.0,19.0,19.0,19.0,19.0,20.0,20.0,20.0,20.0,20.0,20.0
"THIOKOL PROPULSION F S, UT US",15.0,15.0,17.0,16.0,15.0,15.0,15.0,16.0,16.0,14.0,17.0,17.0
"THISTLE FLAT, UT US",10.0,10.0,9.0,9.0,9.0,10.0,10.0,11.0,11.0,11.0,11.0,11.0
"THOMPSON WELCOME CENTER, UT US",5.0,5.0,5.0,5.0,4.0,4.0,4.0,4.0,5.0,4.0,6.0,5.0
"TIMBERLINE, UT US",15.0,15.0,15.0,15.0,15.0,15.0,15.0,15.0,16.0,16.0,16.0,16.0
"TIMPANOGOS CAVE, UT US",23.0,20.0,19.0,19.0,20.0,23.0,23.0,21.0,23.0,20.0,19.0,21.0
"TIMPANOGOS DIVIDE, UT US",17.0,17.0,17.0,17.0,17.0,17.0,18.0,18.0,18.0,18.0,18.0,17.0
"TOM BEST SPRING UTAH, UT US",24.0,24.0,24.0,23.0,22.0,22.0,24.0,24.0,24.0,23.0,24.0,24.0
"TONY GROVE LAKE, UT US",18.0,18.0,19.0,19.0,19.0,19.0,19.0,19.0,19.0,19.0,19.0,19.0
"TONY GROVE RANGER STATION, UT US",13.0,13.0,13.0,13.0,13.0,12.0,14.0,13.0,14.0,14.0,14.0,13.0
"TOOELE 1.3 ENE, UT US",,,,,0.0,0.0,0.0,,,,,
"TOOELE 1.6 NNE, UT US",0.0,0.0,0.0,0.0,,,,,,,0.0,0.0
"TOOELE 1.6 SSW, UT US",,,,0.0,0.0,0.0,0.0,0.0,0.0,0.0,,
"TOOELE 1.7 N, UT US",,,,,,,0.0,0.0,0.0,0.0,0.0,
"TOOELE, UT US",31.0,31.0,31.0,31.0,31.0,31.0,31.0,31.0,31.0,31.0,31.0,30.0
"TORREY 7 E, UT US",15.0,15.0,15.0,15.0,15.0,15.0,15.0,15.0,15.0,15.0,16.0,16.0
"TREMONTON 0.3 ENE, UT US",0.0,0.0,0.0,0.0,0.0,0.0,0.0,,0.0,0.0,0.0,0.0
"TREMONTON 1.8 WNW, UT US",0.0,0.0,0.0,0.0,0.0,0.0,0.0,0.0,0.0,,0.0,0.0
"TREMONTON 2.9 WSW, UT US",0.0,0.0,0.0,0.0,0.0,0.0,0.0,0.0,0.0,0.0,0.0,0.0
"TREMONTON, UT US",14.0,15.0,15.0,15.0,14.0,14.0,15.0,16.0,14.0,12.0,13.0,13.0
"TRENTON, UT US",19.0,20.0,20.0,20.0,22.0,21.0,21.0,20.0,19.0,20.0,20.0,21.0
"TRIAL LAKE, UT US",27.0,28.0,29.0,29.0,28.0,28.0,27.0,30.0,30.0,29.0,30.0,29.0
"TROPIC 9 SE, UT US",5.0,5.0,5.0,5.0,5.0,4.0,4.0,4.0,4.0,5.0,5.0,5.0
"TROPIC, UT US",7.0,7.0,8.0,8.0,8.0,8.0,7.0,8.0,7.0,7.0,7.0,6.0
"TROUT CREEK, UT US",20.0,20.0,20.0,20.0,20.0,20.0,19.0,19.0,21.0,21.0,21.0,21.0
"TULE VALLEY DELTA 49 W UTAH, UT US",30.0,30.0,28.0,28.0,28.0,29.0,29.0,29.0,29.0,29.0,29.0,29.0
"UPPER JOES VALLEY, UT US",10.0,10.0,9.0,10.0,9.0,10.0,10.0,11.0,11.0,11.0,11.0,11.0
"UPPER P.R. CANYON UTAH, UT US",31.0,31.0,31.0,30.0,30.0,29.0,30.0,30.0,30.0,30.0,30.0,30.0
"UPPER SAND WASH UTAH, UT US",31.0,31.0,30.0,29.0,30.0,29.0,30.0,30.0,30.0,30.0,30.0,30.0
"USU DOC DANIEL, UT US",15.0,15.0,15.0,15.0,15.0,15.0,15.0,16.0,16.0,16.0,16.0,16.0
"UTAH LAKE LEHI, UT US",18.0,20.0,20.0,21.0,21.0,19.0,18.0,19.0,20.0,19.0,20.0,18.0
"UTAH TEST RANGE, UT US",21.0,26.0,27.0,27.0,26.0,26.0,25.0,23.0,25.0,24.0,27.0,26.0
"VALLEY OF THE GODS, UT US",7.0,7.0,7.0,8.0,8.0,8.0,8.0,8.0,8.0,8.0,8.0,8.0
"VERNAL 1.2 SE, UT US",0.0,0.0,0.0,0.0,0.0,0.0,0.0,0.0,0.0,0.0,0.0,0.0
"VERNAL 1.5 SSW, UT US",,0.0,0.0,,,,,,,,,
"VERNAL 1.5 WSW, UT US",0.0,0.0,0.0,0.0,0.0,0.0,0.0,0.0,0.0,0.0,0.0,0.0
"VERNAL 1.6 W, UT US",0.0,,,,,,,,0.0,,0.0,0.0
"VERNAL 23 SSE, UT US",3.0,3.0,3.0,3.0,3.0,2.0,2.0,2.0,2.0,3.0,3.0,2.0
"VERNAL 3.7 WNW, UT US",0.0,0.0,0.0,0.0,0.0,0.0,0.0,0.0,0.0,0.0,0.0,0.0
"VERNAL 9.8 NW, UT US",,,,,,,,,0.0,0.0,,
"VERNAL MUNICIPAL AIRPORT, UT US",24.0,25.0,25.0,25.0,25.0,25.0,24.0,25.0,25.0,25.0,25.0,25.0
"VERNAL, UT US",31.0,30.0,30.0,29.0,27.0,30.0,29.0,30.0,28.0,29.0,31.0,30.0
"VERNON CREEK, UT US",20.0,20.0,20.0,20.0,20.0,21.0,21.0,21.0,21.0,21.0,21.0,21.0
"VERNON VERNON 10 N UTAH, UT US",31.0,29.0,29.0,30.0,30.0,30.0,30.0,30.0,30.0,30.0,30.0,30.0
"VERNON, UT US",24.0,27.0,26.0,28.0,27.0,28.0,27.0,29.0,29.0,28.0,28.0,27.0
"VEYO POWERHOUSE, UT US",21.0,24.0,23.0,24.0,24.0,22.0,24.0,22.0,19.0,22.0,22.0,22.0
"WAH WAH RANCH, UT US",13.0,13.0,14.0,13.0,14.0,14.0,12.0,11.0,11.0,12.0,12.0,12.0
"WANSHIP 1.0 NW, UT US",0.0,0.0,,,0.0,0.0,0.0,,,0.0,0.0,0.0
"WANSHIP DAM, UT US",30.0,30.0,30.0,29.0,31.0,31.0,31.0,31.0,30.0,30.0,31.0,29.0
"WEBER BASIN PUMP PLANT 3, UT US",12.0,12.0,12.0,12.0,12.0,12.0,12.0,12.0,12.0,12.0,12.0,12.0
"WEBSTER FLAT, UT US",19.0,19.0,19.0,19.0,19.0,19.0,19.0,20.0,20.0,20.0,20.0,20.0
"WELLINGTON 3 E, UT US",14.0,16.0,14.0,15.0,15.0,16.0,17.0,16.0,17.0,17.0,17.0,16.0
"WELLSVILLE 0.4 NW, UT US",,,,,,,,,,0.0,,
"WENDOVER 1 SSW, UT US",5.0,5.0,5.0,4.0,4.0,4.0,4.0,5.0,5.0,5.0,5.0,5.0
"WENDOVER USAF AUXILIARY FIELD, UT US",23.0,25.0,26.0,25.0,25.0,26.0,24.0,22.0,24.0,25.0,21.0,22.0
"WEST BOUNTIFUL 1.0 NNE, UT US",0.0,0.0,0.0,0.0,0.0,0.0,0.0,0.0,0.0,0.0,0.0,0.0
"WEST FORK HANNA 11 NW, UT US",5.0,4.0,3.0,4.0,3.0,4.0,4.0,4.0,3.0,4.0,4.0,4.0
"WEST HAVEN 2.0 SW, UT US",0.0,0.0,0.0,0.0,0.0,0.0,0.0,0.0,0.0,0.0,0.0,0.0
"WEST JORDAN 1.6 NNW, UT US",0.0,,,,,,0.0,0.0,0.0,0.0,0.0,
"WEST JORDAN 2.4 NW, UT US",,,,,,,,,0.0,0.0,0.0,0.0
"WEST JORDAN 3.5 NE, UT US",,,,,,0.0,0.0,0.0,0.0,0.0,,
"WEST VALLEY CITY 2.5 ESE, UT US",0.0,0.0,0.0,0.0,0.0,0.0,0.0,0.0,0.0,0.0,0.0,0.0
"WEST WEBER 0.7 E, UT US",,,,,,0.0,0.0,0.0,0.0,0.0,0.0,0.0
"WEST WEBER 1.0 ESE, UT US",0.0,0.0,0.0,0.0,0.0,0.0,0.0,0.0,0.0,0.0,0.0,0.0
"WHEELER FARM, UT US",5.0,3.0,4.0,3.0,3.0,4.0,4.0,3.0,3.0,3.0,1.0,3.0
"WHITE RIVER NUMBER 1, UT US",19.0,19.0,19.0,19.0,19.0,20.0,20.0,20.0,20.0,20.0,20.0,20.0
"WHITEROCKS 9 N, UT US",1.0,1.0,1.0,1.0,1.0,1.0,1.0,1.0,1.0,1.0,1.0,1.0
"WIDTSOE 3 NNE, UT US",1.0,1.0,2.0,2.0,1.0,1.0,0.0,1.0,1.0,1.0,1.0,2.0
"WIDTSOE NUMBER 3, UT US",19.0,19.0,19.0,19.0,19.0,19.0,19.0,20.0,20.0,20.0,20.0,20.0
"WOODROW 0.9 NNW, UT US",0.0,0.0,0.0,0.0,0.0,,,,0.0,0.0,0.0,0.0
"WOODRUFF, UT US",31.0,31.0,30.0,31.0,29.0,31.0,30.0,31.0,31.0,31.0,31.0,31.0
"WOODS CROSS 0.5 SW, UT US",0.0,0.0,0.0,0.0,0.0,0.0,0.0,0.0,0.0,0.0,0.0,0.0
"WRIGLEY CREEK, UT US",10.0,10.0,10.0,10.0,10.0,10.0,10.0,11.0,11.0,11.0,11.0,11.0
"YANKEE RESERVOIR, UT US",9.0,9.0,10.0,10.0,10.0,9.0,10.0,10.0,10.0,10.0,10.0,10.0
"ZION NATIONAL PARK, UT US",31.0,31.0,31.0,31.0,31.0,30.0,31.0,31.0,30.0,29.0,31.0,31.0
